category,brand,addr
햄버거,롯데리아,서울특별시 중구
햄버거,롯데리아,서울특별시 송파구
햄버거,롯데리아,서울특별시 노원구
햄버거,롯데리아,서울특별시 강동구
햄버거,롯데리아,서울특별시 은평구
햄버거,롯데리아,서울특별시 관악구
햄버거,롯데리아,서울특별시 은평구
햄버거,롯데리아,서울특별시 구로구
햄버거,롯데리아,서울특별시 중랑구
햄버거,롯데리아,서울특별시 강서구
햄버거,롯데리아,서울특별시 종로구
햄버거,롯데리아,서울특별시 종로구
햄버거,롯데리아,서울특별시 용산구
햄버거,롯데리아,서울특별시 용산구
햄버거,롯데리아,서울특별시 성북구
햄버거,롯데리아,서울특별시 송파구
햄버거,롯데리아,서울특별시 마포구
햄버거,롯데리아,서울특별시 광진구
햄버거,롯데리아,서울특별시 동작구
햄버거,롯데리아,서울특별시 중구
햄버거,롯데리아,서울특별시 용산구
햄버거,롯데리아,서울특별시 영등포구
햄버거,롯데리아,서울특별시 광진구
햄버거,롯데리아,서울특별시 서초구
햄버거,롯데리아,부산광역시 중구
햄버거,롯데리아,부산광역시 부산진구
햄버거,롯데리아,부산광역시 금정구
햄버거,롯데리아,부산광역시 동구
햄버거,롯데리아,부산광역시 사상구
햄버거,롯데리아,경기도 평택시
햄버거,롯데리아,경기도 안양시
햄버거,롯데리아,경기도 안산시
햄버거,롯데리아,경기도 수원시
햄버거,롯데리아,인천광역시 서구
햄버거,롯데리아,경기도 부천시
햄버거,롯데리아,경기도 부천시
햄버거,롯데리아,경기도 안양시
햄버거,롯데리아,강원 강릉시
햄버거,롯데리아,충청북도 청주시
햄버거,롯데리아,전라남도 목포시
햄버거,롯데리아,전라북도 전주시
햄버거,롯데리아,경상북도 포항시
햄버거,롯데리아,울산광역시 남구
햄버거,롯데리아,울산광역시 남구
햄버거,롯데리아,경상북도 포항시
햄버거,롯데리아,경상남도 창원시
햄버거,롯데리아,제주특별자치도 제주시
햄버거,롯데리아,서울특별시 관악구
햄버거,롯데리아,서울특별시 광진구
햄버거,롯데리아,서울특별시 노원구
햄버거,롯데리아,서울시 동작구
햄버거,롯데리아,서울특별시 강서구
햄버거,롯데리아,서울특별시 영등포구
햄버거,롯데리아,서울특별시 광진구
햄버거,롯데리아,서울특별시 성동구
햄버거,롯데리아,서울특별시 광진구
햄버거,롯데리아,서울특별시 노원구
햄버거,롯데리아,서울특별시 송파구
햄버거,롯데리아,서울특별시 은평구
햄버거,롯데리아,서울특별시 관악구
햄버거,롯데리아,서울특별시 양천구
햄버거,롯데리아,서울특별시 노원구
햄버거,롯데리아,서울특별시 도봉구
햄버거,롯데리아,서울특별시 중랑구
햄버거,롯데리아,서울특별시 광진구
햄버거,롯데리아,서울특별시 금천구
햄버거,롯데리아,서울특별시 관악구
햄버거,롯데리아,서울특별시 금천구
햄버거,롯데리아,서울특별시 서초구
햄버거,롯데리아,서울특별시 성북구
햄버거,롯데리아,서울특별시 구로구
햄버거,롯데리아,서울시 서대문구
햄버거,롯데리아,서울특별시 은평구
햄버거,롯데리아,서울특별시 강서구
햄버거,롯데리아,서울특별시 동대문구
햄버거,롯데리아,서울특별시 금천구
햄버거,롯데리아,서울특별시 영등포구
햄버거,롯데리아,서울특별시 구로구
햄버거,롯데리아,서울특별시 강서구
햄버거,롯데리아,서울특별시 중랑구
햄버거,롯데리아,서울특별시 도봉구
햄버거,롯데리아,서울특별시 중구
햄버거,롯데리아,서울특별시 종로구
햄버거,롯데리아,서울특별시 양천구
햄버거,롯데리아,서울특별시 구로구
햄버거,롯데리아,서울특별시 성북구
햄버거,롯데리아,서울특별시 강동구
햄버거,롯데리아,서울특별시 중랑구
햄버거,롯데리아,서울특별시 구로구
햄버거,롯데리아,부산광역시 부산진구
햄버거,롯데리아,부산광역시 연제구
햄버거,롯데리아,부산광역시 동구
햄버거,롯데리아,부산광역시 남구
햄버거,롯데리아,부산광역시 북구
햄버거,롯데리아,부산광역시 남구
햄버거,롯데리아,부산광역시 금정구
햄버거,롯데리아,부산광역시 영도구
햄버거,롯데리아,부산광역시 사하구
햄버거,롯데리아,부산광역시 북구
햄버거,롯데리아,부산광역시 서구
햄버거,롯데리아,부산광역시 사하구
햄버거,롯데리아,부산광역시 해운대구
햄버거,롯데리아,부산광역시 사하구
햄버거,롯데리아,부산광역시 해운대구
햄버거,롯데리아,부산광역시 동래구
햄버거,롯데리아,부산광역시 해운대구
햄버거,롯데리아,부산광역시 연제구
햄버거,롯데리아,부산광역시 남구
햄버거,롯데리아,부산광역시 해운대구
햄버거,롯데리아,부산광역시 사하구
햄버거,롯데리아,부산광역시 해운대구
햄버거,롯데리아,부산광역시 남구
햄버거,롯데리아,부산광역시 남구
햄버거,롯데리아,경기도 성남시
햄버거,롯데리아,경기도 고양시
햄버거,롯데리아,경기도 수원시
햄버거,롯데리아,인천광역시 계양구
햄버거,롯데리아,경기도 성남시
햄버거,롯데리아,경기도 부천시
햄버거,롯데리아,경기도 안산시
햄버거,롯데리아,경기도 안산시
햄버거,롯데리아,경기도 성남시
햄버거,롯데리아,경기도 용인시
햄버거,롯데리아,부천시 오정구
햄버거,롯데리아,경기도 성남시
햄버거,롯데리아,경기도 부천시
햄버거,롯데리아,경기도 양주시
햄버거,롯데리아,경기도 군포시
햄버거,롯데리아,인천광역시 남구
햄버거,롯데리아,경기도 하남시
햄버거,롯데리아,인천광역시 부평구
햄버거,롯데리아,경기도 동두천시
햄버거,롯데리아,경기도 용인시
햄버거,롯데리아,경기도 포천시
햄버거,롯데리아,경기도 수원시
햄버거,롯데리아,인천광역시 남구
햄버거,롯데리아,인천광역시 계양구
햄버거,롯데리아,경기도 여주시
햄버거,롯데리아,인천광역시 계양구
햄버거,롯데리아,인천광역시 남구
햄버거,롯데리아,경기도 시흥시
햄버거,롯데리아,인천광역시 연수구
햄버거,롯데리아,인천광역시 부평구
햄버거,롯데리아,강원 철원군
햄버거,롯데리아,경기도 남양주시
햄버거,롯데리아,경기도 연천군
햄버거,롯데리아,경기도 부천시
햄버거,롯데리아,경기도 광주시
햄버거,롯데리아,경기도 수원시
햄버거,롯데리아,인천광역시 연수구
햄버거,롯데리아,인천광역시 남동구
햄버거,롯데리아,경기도 포천시
햄버거,롯데리아,경기도 고양시
햄버거,롯데리아,경기도 평택시
햄버거,롯데리아,경기도 시흥시
햄버거,롯데리아,경기도 양주시
햄버거,롯데리아,인천광역시 남구
햄버거,롯데리아,경기도 수원시
햄버거,롯데리아,인천광역시 강화군
햄버거,롯데리아,경기도 수원시
햄버거,롯데리아,경기도 남양주시
햄버거,롯데리아,인천광역시 남동구
햄버거,롯데리아,인천광역시 계양구
햄버거,롯데리아,경기도 안산시
햄버거,롯데리아,경기도 하남시
햄버거,롯데리아,경기도 파주시
햄버거,롯데리아,인천광역시 남구
햄버거,롯데리아,경기도 고양시
햄버거,롯데리아,인천광역시 중구
햄버거,롯데리아,경기도 의정부시
햄버거,롯데리아,경기도 수원시
햄버거,롯데리아,경기도 안양시
햄버거,롯데리아,경기도 남양주시
햄버거,롯데리아,경기도 안산시
햄버거,롯데리아,경기도 양평군
햄버거,롯데리아,경기도 시흥시
햄버거,롯데리아,경기도 안산시
햄버거,롯데리아,경기도 부천시
햄버거,롯데리아,경기도 시흥시
햄버거,롯데리아,경기도 성남시
햄버거,롯데리아,경기도 파주시
햄버거,롯데리아,경기도 과천시
햄버거,롯데리아,경기도 안성시
햄버거,롯데리아,경기도 안산시
햄버거,롯데리아,경기도 군포시
햄버거,롯데리아,경기도 시흥시
햄버거,롯데리아,경기도 안산시
햄버거,롯데리아,경기도 파주시
햄버거,롯데리아,경기도 수원시
햄버거,롯데리아,경기도 고양시
햄버거,롯데리아,경기도 오산시
햄버거,롯데리아,경기도 고양시
햄버거,롯데리아,경기도 시흥시
햄버거,롯데리아,경기도 안양시
햄버거,롯데리아,경기도 화성시
햄버거,롯데리아,경기도 의왕시
햄버거,롯데리아,경기도 고양시
햄버거,롯데리아,경기도 성남시
햄버거,롯데리아,인천광역시 서구
햄버거,롯데리아,경기도 화성시
햄버거,롯데리아,인천광역시 남구
햄버거,롯데리아,인천광역시 서구
햄버거,롯데리아,경기도 의정부시
햄버거,롯데리아,경기도 성남시
햄버거,롯데리아,경기도 광주시
햄버거,롯데리아,경기도 가평군
햄버거,롯데리아,경기도 수원시
햄버거,롯데리아,경기도 오산시
햄버거,롯데리아,경기도 안성시
햄버거,롯데리아,경기도 파주시
햄버거,롯데리아,인천광역시 서구
햄버거,롯데리아,경기도 용인시
햄버거,롯데리아,경기도 남양주시
햄버거,롯데리아,인천광역시 남동구
햄버거,롯데리아,경기도 의정부시
햄버거,롯데리아,경기도 광명시
햄버거,롯데리아,경기도 화성시
햄버거,롯데리아,인천광역시 서구
햄버거,롯데리아,경기도 용인시
햄버거,롯데리아,인천광역시 부평구
햄버거,롯데리아,경기도 화성시
햄버거,롯데리아,인천광역시 계양구
햄버거,롯데리아,경기도 수원시
햄버거,롯데리아,경기도 남양주시
햄버거,롯데리아,경기도 화성시
햄버거,롯데리아,경기도 수원시
햄버거,롯데리아,경기도 안양시
햄버거,롯데리아,경기도 포천시
햄버거,롯데리아,인천광역시 남동구
햄버거,롯데리아,경기도 광명시
햄버거,롯데리아,경기도 화성시
햄버거,롯데리아,경기도 평택시
햄버거,롯데리아,경기도 용인시
햄버거,롯데리아,경기도 고양시
햄버거,롯데리아,경기도 평택시
햄버거,롯데리아,인천광역시 연수구
햄버거,롯데리아,경기도 고양시
햄버거,롯데리아,인천광역시 남동구
햄버거,롯데리아,경기도 고양시
햄버거,롯데리아,경기도 안양시
햄버거,롯데리아,경기도 김포시
햄버거,롯데리아,경기도 부천시
햄버거,롯데리아,인천광역시 남동구
햄버거,롯데리아,인천광역시 중구
햄버거,롯데리아,경기도 의정부시
햄버거,롯데리아,경기도 성남시
햄버거,롯데리아,인천광역시 남구
햄버거,롯데리아,경기도 용인시
햄버거,롯데리아,경기도 의왕시
햄버거,롯데리아,경기도 고양시
햄버거,롯데리아,경기도 안산시
햄버거,롯데리아,인천광역시 서구
햄버거,롯데리아,강원 원주시
햄버거,롯데리아,강원 강릉시
햄버거,롯데리아,강원 춘천시
햄버거,롯데리아,강원도 속초시
햄버거,롯데리아,강원 강릉시
햄버거,롯데리아,강원 원주시
햄버거,롯데리아,강원 홍천군
햄버거,롯데리아,강원 춘천시
햄버거,롯데리아,강원 춘천시
햄버거,롯데리아,강원 삼척시
햄버거,롯데리아,강원 원주시
햄버거,롯데리아,강원 양구군
햄버거,롯데리아,강원 횡성군
햄버거,롯데리아,강원 영월군
햄버거,롯데리아,강원 원주시
햄버거,롯데리아,강원 인제군
햄버거,롯데리아,강원 동해시
햄버거,롯데리아,강원 태백시
햄버거,롯데리아,강원 평창군
햄버거,롯데리아,대전광역시 중구
햄버거,롯데리아,대전시 중구
햄버거,롯데리아,충청북도 충주시
햄버거,롯데리아,대전광역시 동구
햄버거,롯데리아,충청남도 아산시
햄버거,롯데리아,대전광역시 서구
햄버거,롯데리아,충청남도 공주시
햄버거,롯데리아,충청남도 보령시
햄버거,롯데리아,충청북도 보은군
햄버거,롯데리아,충청남도 예산군
햄버거,롯데리아,대전시 동구
햄버거,롯데리아,대전광역시 서구
햄버거,롯데리아,충청남도 홍성군
햄버거,롯데리아,충청북도 증평군
햄버거,롯데리아,대전시 대덕구
햄버거,롯데리아,충청북도 영동군
햄버거,롯데리아,충청남도 금산군
햄버거,롯데리아,충청북도 청주시
햄버거,롯데리아,충청북도 청주시
햄버거,롯데리아,충청북도 옥천군
햄버거,롯데리아,충청남도 서산시
햄버거,롯데리아,충청남도 부여군
햄버거,롯데리아,충청북도 청주시
햄버거,롯데리아,충청남도 계룡시
햄버거,롯데리아,대전광역시 서구
햄버거,롯데리아,충청남도 태안군
햄버거,롯데리아,충청북도 청주시
햄버거,롯데리아,충청북도 청주시
햄버거,롯데리아,충청남도 천안시
햄버거,롯데리아,대전광역시 유성구
햄버거,롯데리아,충청북도 진천군
햄버거,롯데리아,충청북도 충주시
햄버거,롯데리아,대전광역시 유성구
햄버거,롯데리아,충청북도 청주시
햄버거,롯데리아,충청남도 공주시
햄버거,롯데리아,대전광역시 대덕구
햄버거,롯데리아,충청북도 청주시
햄버거,롯데리아,충청북도 청주시
햄버거,롯데리아,충청남도 천안시
햄버거,롯데리아,대전광역시 중구
햄버거,롯데리아,충청북도 음성군
햄버거,롯데리아,충청남도 천안시
햄버거,롯데리아,대전광역시 서구
햄버거,롯데리아,대전시 유성구
햄버거,롯데리아,대전광역시 대덕구
햄버거,롯데리아,충청남도 천안시
햄버거,롯데리아,충청남도 보령시
햄버거,롯데리아,충청북도 옥천군
햄버거,롯데리아,충청북도 충주시
햄버거,롯데리아,대전광역시 동구
햄버거,롯데리아,충청북도 제천시
햄버거,롯데리아,충청북도 청주시
햄버거,롯데리아,대전광역시 유성구
햄버거,롯데리아,충청북도 음성군
햄버거,롯데리아,충청남도 서천군
햄버거,롯데리아,충청남도 천안시
햄버거,롯데리아,대전광역시 유성구
햄버거,롯데리아,충청남도 서산시
햄버거,롯데리아,충청북도 청원군
햄버거,롯데리아,충청남도 아산시
햄버거,롯데리아,세종특별자치시 조치원읍
햄버거,롯데리아,충청남도 천안시
햄버거,롯데리아,대전광역시 유성구
햄버거,롯데리아,대전광역시 동구
햄버거,롯데리아,충청북도 청주시
햄버거,롯데리아,충청남도 천안시
햄버거,롯데리아,대전광역시 유성구
햄버거,롯데리아,세종특별자치시 조치원읍
햄버거,롯데리아,충청북도 충주시
햄버거,롯데리아,충청남도 천안시
햄버거,롯데리아,충청남도 당진시
햄버거,롯데리아,대전광역시 유성구
햄버거,롯데리아,충청북도 청원군
햄버거,롯데리아,충청남도 당진시
햄버거,롯데리아,충청남도 아산시
햄버거,롯데리아,충청남도 서산시
햄버거,롯데리아,충청북도 청주시
햄버거,롯데리아,광주광역시 광산구
햄버거,롯데리아,전라남도 순천시
햄버거,롯데리아,전라북도 군산시
햄버거,롯데리아,전라남도 여수시
햄버거,롯데리아,전라북도 정읍시
햄버거,롯데리아,전라북도 남원시
햄버거,롯데리아,광주광역시 서구
햄버거,롯데리아,전라북도 김제시
햄버거,롯데리아,광주광역시 동구
햄버거,롯데리아,전라북도 전주시
햄버거,롯데리아,광주광역시 남구
햄버거,롯데리아,광주광역시 서구
햄버거,롯데리아,전라북도 전주시
햄버거,롯데리아,전라남도 나주시
햄버거,롯데리아,광주광역시 북구
햄버거,롯데리아,전라남도 순천시
햄버거,롯데리아,전라남도 여수시
햄버거,롯데리아,전라남도 광양시
햄버거,롯데리아,광주광역시 광산구
햄버거,롯데리아,전라남도 해남군
햄버거,롯데리아,전라북도 군산시
햄버거,롯데리아,광주광역시 서구
햄버거,롯데리아,광주광역시 광산구
햄버거,롯데리아,전라북도 전주시
햄버거,롯데리아,광주광역시 북구
햄버거,롯데리아,전라남도 순천시
햄버거,롯데리아,광주광역시 광산구
햄버거,롯데리아,광주광역시 남구
햄버거,롯데리아,전라북도 익산시
햄버거,롯데리아,전라남도 광양시
햄버거,롯데리아,전라남도 여수시
햄버거,롯데리아,전라북도 군산시
햄버거,롯데리아,전라남도 순천시
햄버거,롯데리아,광주광역시 광산구
햄버거,롯데리아,광주광역시 광산구
햄버거,롯데리아,전라북도 전주시
햄버거,롯데리아,광주광역시 광산구
햄버거,롯데리아,전라북도 전주시
햄버거,롯데리아,광주광역시 북구
햄버거,롯데리아,전라북도 군산시
햄버거,롯데리아,전라북도 고창군
햄버거,롯데리아,전라남도 순천시
햄버거,롯데리아,전라북도 익산시
햄버거,롯데리아,전라북도 전주시
햄버거,롯데리아,전라남도 목포시
햄버거,롯데리아,광주광역시 서구
햄버거,롯데리아,전라북도 전주시
햄버거,롯데리아,전라북도 전주시
햄버거,롯데리아,광주광역시 동구
햄버거,롯데리아,전라남도 여수시
햄버거,롯데리아,전라북도 전주시
햄버거,롯데리아,광주광역시 동구
햄버거,롯데리아,광주광역시 광산구
햄버거,롯데리아,전라남도 목포시
햄버거,롯데리아,전라남도 목포시
햄버거,롯데리아,광주광역시 광산구
햄버거,롯데리아,전라남도 화순군
햄버거,롯데리아,경상북도 구미시
햄버거,롯데리아,경상북도 영주시
햄버거,롯데리아,경상북도 경산시
햄버거,롯데리아,경상남도 창원시
햄버거,롯데리아,경상북도 김천시
햄버거,롯데리아,대구광역시 달서구
햄버거,롯데리아,대구광역시 서구
햄버거,롯데리아,대구광역시 동구
햄버거,롯데리아,대구광역시 동구
햄버거,롯데리아,경상남도 양산시
햄버거,롯데리아,대구광역시 수성구
햄버거,롯데리아,경상북도 상주시
햄버거,롯데리아,경상남도 김해시
햄버거,롯데리아,울산광역시 남구
햄버거,롯데리아,대구광역시 남구
햄버거,롯데리아,대구광역시 수성구
햄버거,롯데리아,대구광역시 수성구
햄버거,롯데리아,대구광역시 북구
햄버거,롯데리아,울산광역시 울주군
햄버거,롯데리아,경상남도 거창군
햄버거,롯데리아,경상남도 통영시
햄버거,롯데리아,경상북도 구미시
햄버거,롯데리아,경상북도 영천시
햄버거,롯데리아,경상북도 구미시
햄버거,롯데리아,대구광역시 남구
햄버거,롯데리아,경상북도 경산시
햄버거,롯데리아,경상남도 창원시
햄버거,롯데리아,대구광역시 달서구
햄버거,롯데리아,경상북도 칠곡군
햄버거,롯데리아,경상남도 김해시
햄버거,롯데리아,경상남도 창원시
햄버거,롯데리아,대구광역시 북구
햄버거,롯데리아,경상북도 문경시
햄버거,롯데리아,대구광역시 남구
햄버거,롯데리아,경상북도 포항시
햄버거,롯데리아,대구광역시 달서구
햄버거,롯데리아,경상남도 남해군
햄버거,롯데리아,경상남도 사천시
햄버거,롯데리아,대구광역시 서구
햄버거,롯데리아,대구광역시 서구
햄버거,롯데리아,경상남도 거제시
햄버거,롯데리아,대구광역시 달성군
햄버거,롯데리아,경상남도 진주시
햄버거,롯데리아,경상북도 포항시
햄버거,롯데리아,경상북도 경주시
햄버거,롯데리아,대구광역시 달서구
햄버거,롯데리아,경상남도 창원시
햄버거,롯데리아,대구광역시 서구
햄버거,롯데리아,경상남도 거제시
햄버거,롯데리아,경상남도 창원시
햄버거,롯데리아,경상북도 경산시
햄버거,롯데리아,경상북도 구미시
햄버거,롯데리아,경상남도 고성군
햄버거,롯데리아,울산광역시 울주군
햄버거,롯데리아,대구광역시 동구
햄버거,롯데리아,경상남도 양산시
햄버거,롯데리아,울산광역시 중구
햄버거,롯데리아,경상북도 울진군
햄버거,롯데리아,경상남도 사천시
햄버거,롯데리아,경상북도 안동시
햄버거,롯데리아,경상북도 포항시
햄버거,롯데리아,경상남도 창원시
햄버거,롯데리아,울산광역시 중구
햄버거,롯데리아,울산광역시 울주군
햄버거,롯데리아,경상북도 구미시
햄버거,롯데리아,경상남도 김해시
햄버거,롯데리아,경상남도 창녕군
햄버거,롯데리아,대구광역시 남구
햄버거,롯데리아,대구광역시 달성군
햄버거,롯데리아,대구광역시 수성구
햄버거,롯데리아,경상북도 경주시
햄버거,롯데리아,울산광역시 북구
햄버거,롯데리아,대구광역시 동구
햄버거,롯데리아,울산광역시 동구
햄버거,롯데리아,경상남도 진주시
햄버거,롯데리아,경상남도 합천군
햄버거,롯데리아,대구광역시 서구
햄버거,롯데리아,경상남도 창원시
햄버거,롯데리아,대구광역시 북구
햄버거,롯데리아,경상북도 포항시
햄버거,롯데리아,경상남도 양산시
햄버거,롯데리아,경상북도 구미시
햄버거,롯데리아,대구광역시 북구
햄버거,롯데리아,경상북도 구미시
햄버거,롯데리아,경상북도 구미시
햄버거,롯데리아,경상북도 예천군
햄버거,롯데리아,경상남도 김해시
햄버거,롯데리아,경상북도 청도군
햄버거,롯데리아,경상북도 김천시
햄버거,롯데리아,대구광역시 북구
햄버거,롯데리아,대구광역시 중구
햄버거,롯데리아,경상남도 양산시
햄버거,롯데리아,경상남도 창원시
햄버거,롯데리아,대구광역시 서구
햄버거,롯데리아,경상북도 경산시
햄버거,롯데리아,경상남도 김해시
햄버거,롯데리아,울산광역시 북구
햄버거,롯데리아,울산광역시 울주군
햄버거,롯데리아,경상남도 창원시
햄버거,롯데리아,경상북도 구미시
햄버거,롯데리아,경상북도 칠곡군
햄버거,롯데리아,경상북도 영덕군
햄버거,롯데리아,경상남도 창원시
햄버거,롯데리아,경상남도 거제시
햄버거,롯데리아,경상북도 구미시
햄버거,롯데리아,경상남도 김해시
햄버거,롯데리아,대구광역시 동구
햄버거,롯데리아,대구광역시 달성군
햄버거,롯데리아,경상남도 통영시
햄버거,롯데리아,경상남도 양산시
햄버거,롯데리아,대구광역시 수성구
햄버거,롯데리아,경상남도 진주시
햄버거,롯데리아,대구광역시 달성군
햄버거,롯데리아,대구광역시 달서구
햄버거,롯데리아,경상남도 김해시
햄버거,롯데리아,대구광역시 수성구
햄버거,롯데리아,울산광역시 울주군
햄버거,롯데리아,제주특별자치도 서귀포시
햄버거,롯데리아,제주특별자치도 제주시
햄버거,롯데리아,제주특별자치도 제주시
햄버거,롯데리아,광주광역시 서구
햄버거,롯데리아,전라남도 무안군
햄버거,롯데리아,부산광역시 기장군
햄버거,롯데리아,부산광역시 동래구
햄버거,롯데리아,부산광역시 금정구
햄버거,롯데리아,부산광역시 해운대구
햄버거,롯데리아,경기도 안산시
햄버거,롯데리아,경기도 화성시
햄버거,롯데리아,경기도 부천시
햄버거,롯데리아,경기도 남양주시
햄버거,롯데리아,경기도 의정부시
햄버거,롯데리아,경기도 의왕시
햄버거,롯데리아,대전광역시 서구
햄버거,롯데리아,전라북도 익산시
햄버거,롯데리아,울산광역시 을주군
햄버거,롯데리아,경상남도 통영시
햄버거,롯데리아,경상남도 창원시
햄버거,롯데리아,경기도 안성시
햄버거,롯데리아,서울특별시 성북구
햄버거,롯데리아,전라남도 여수시
햄버거,롯데리아,충청남도 아산시
햄버거,롯데리아,경상남도 진주시
햄버거,롯데리아,서울특별시 송파구
햄버거,롯데리아,서울특별시 노원구
햄버거,롯데리아,경기도 양주시
햄버거,롯데리아,대구광역시 중구
햄버거,롯데리아,강원 화천군
햄버거,롯데리아,경기도 평택시
햄버거,롯데리아,경기도 남양주시
햄버거,롯데리아,울산광역시 울주군
햄버거,롯데리아,광주광역시 북구
햄버거,롯데리아,대전광역시 유성구
햄버거,롯데리아,경기도 파주시
햄버거,롯데리아,충청남도 천안시
햄버거,롯데리아,전라남도 목포시
햄버거,롯데리아,전라북도 군산시
햄버거,롯데리아,경기도 시흥시
햄버거,롯데리아,전라남도 영암군
햄버거,롯데리아,경상남도 함양군
햄버거,롯데리아,충청북도 청주시
햄버거,롯데리아,서울특별시 동작구
햄버거,롯데리아,광주광역시 북구
햄버거,롯데리아,경기도 파주시
햄버거,롯데리아,경상남도 밀양시
햄버거,롯데리아,대전광역시 서구
햄버거,롯데리아,경기도 용인시
햄버거,롯데리아,경기도 구리시
햄버거,롯데리아,부산시 수영구
햄버거,롯데리아,경기도 부천시
햄버거,롯데리아,충청북도 제천시
햄버거,롯데리아,서울특별시 성북구
햄버거,롯데리아,부산광역시 금정구
햄버거,롯데리아,경상남도 김해시
햄버거,롯데리아,서울특별시 용산구
햄버거,롯데리아,경상남도 창원시
햄버거,롯데리아,서울특별시 강서구
햄버거,롯데리아,강원 동해시
햄버거,롯데리아,경기도 파주시
햄버거,롯데리아,인천광역시 중구
햄버거,롯데리아,서울시 동작구
햄버거,롯데리아,경기도 이천시
햄버거,롯데리아,강원 인제군
햄버거,롯데리아,전라남도 완도군
햄버거,롯데리아,전라북도 전주시
햄버거,롯데리아,경기도 성남시
햄버거,롯데리아,경기도 안성시
햄버거,롯데리아,경기도 용인시
햄버거,롯데리아,경기도 포천시
햄버거,롯데리아,서울시 중랑구
햄버거,롯데리아,경기도 구리시
햄버거,롯데리아,서울특별시 성북구
햄버거,롯데리아,경기도 구리시
햄버거,롯데리아,울산광역시 동구
햄버거,롯데리아,충청북도 청원군
햄버거,롯데리아,경기도 고양시
햄버거,롯데리아,전라북도 군산시
햄버거,롯데리아,경기도 수원시
햄버거,롯데리아,경기도 김포시
햄버거,롯데리아,서울특별시 강동구
햄버거,롯데리아,부산광역시 진구
햄버거,롯데리아,경기도 고양시
햄버거,롯데리아,경기도 남양주시
햄버거,롯데리아,경기도 고양시
햄버거,롯데리아,경기도 부천시
햄버거,롯데리아,인천광역시 부평구
햄버거,롯데리아,서울시 은평구
햄버거,롯데리아,서울특별시 강서구
햄버거,롯데리아,전라남도 광양시
햄버거,롯데리아,서울특별시 성북구
햄버거,롯데리아,경상남도 창원시
햄버거,롯데리아,서울특별시 강동구
햄버거,롯데리아,강원 원주시
햄버거,롯데리아,대구광역시 수성구
햄버거,롯데리아,경기도 시흥시
햄버거,롯데리아,서울특별시 마포구
햄버거,롯데리아,부산광역시 강서구
햄버거,롯데리아,경상북도 경주시
햄버거,롯데리아,인천광역시 서구
햄버거,롯데리아,경기도 고양시
햄버거,롯데리아,경기도 시흥시
햄버거,롯데리아,대전광역시 대덕구
햄버거,롯데리아,충청남도 청양군
햄버거,롯데리아,대구광역시 동구
햄버거,롯데리아,서울특별시 노원구
햄버거,롯데리아,광주광역시 북구
햄버거,롯데리아,전라남도 영광군
햄버거,롯데리아,서울특별시 강서구
햄버거,롯데리아,울산광역시 남구
햄버거,롯데리아,서울특별시 중랑구
햄버거,롯데리아,경기도 포천시
햄버거,롯데리아,충청북도 충주시
햄버거,롯데리아,경기도 부천시
햄버거,롯데리아,경기도 파주시
햄버거,롯데리아,서울특별시 송파구
햄버거,롯데리아,인천광역시 계양구
햄버거,롯데리아,전라북도 전주시
햄버거,롯데리아,전라북도 무주군
햄버거,롯데리아,경기도 부천시
햄버거,롯데리아,광주광역시 북구
햄버거,롯데리아,대구광역시 동구
햄버거,롯데리아,서울특별시 광진구
햄버거,롯데리아,경상북도 포항시
햄버거,롯데리아,경기도 용인시
햄버거,롯데리아,강원 강릉시
햄버거,롯데리아,경기도 김포시
햄버거,롯데리아,서울특별시 송파구
햄버거,롯데리아,경상북도 경주시
햄버거,롯데리아,경상북도 구미시
햄버거,롯데리아,강원 원주시
햄버거,롯데리아,강원 원주시
햄버거,롯데리아,전라남도 목포시
햄버거,롯데리아,강원 철원군
햄버거,롯데리아,서울특별시 강남구
햄버거,롯데리아,충청북도 괴산군
햄버거,롯데리아,서울특별시 영등포구
햄버거,롯데리아,부산광역시 연제구
햄버거,롯데리아,경상남도 창원시
햄버거,롯데리아,경기도 고양시
햄버거,롯데리아,광주광역시 광산구
햄버거,롯데리아,부산광역시 북구
햄버거,롯데리아,대전광역시 대덕구
햄버거,롯데리아,서울특별시 중구
햄버거,롯데리아,서울특별시 성동구
햄버거,롯데리아,대전광역시 유성구
햄버거,롯데리아,서울특별시 성북구
햄버거,롯데리아,울산광역시 북구
햄버거,롯데리아,경기도 부천시
햄버거,롯데리아,서울특별시 노원구
햄버거,롯데리아,전라남도 무안군
햄버거,롯데리아,경기도 남양주시
햄버거,롯데리아,경기도 김포시
햄버거,롯데리아,서울특별시 영등포구
햄버거,롯데리아,서울특별시 송파구
햄버거,롯데리아,서울특별시 강남구
햄버거,롯데리아,서울특별시 구로구
햄버거,롯데리아,대전광역시 서구
햄버거,롯데리아,전라북도 남원시
햄버거,롯데리아,경기도 남양주시
햄버거,롯데리아,대전광역시 유성구
햄버거,롯데리아,충청남도 아산시
햄버거,롯데리아,강원 정선군
햄버거,롯데리아,서울특별시 종로구
햄버거,롯데리아,부산광역시 연제구
햄버거,롯데리아,경기도 용인시
햄버거,롯데리아,경기도 안양시
햄버거,롯데리아,경기도 남양주시
햄버거,롯데리아,강원 원주시
햄버거,롯데리아,대전시 유성구
햄버거,롯데리아,부산광역시 기장군
햄버거,롯데리아,경상북도 안동시
햄버거,롯데리아,강원 속초시
햄버거,롯데리아,충청남도 서산시
햄버거,롯데리아,서울특별시 중랑구
햄버거,롯데리아,충청남도 천안시
햄버거,롯데리아,울산광역시 동구
햄버거,롯데리아,경기도 시흥시
햄버거,롯데리아,인천광역시 남구
햄버거,롯데리아,인천광역시 부평구
햄버거,롯데리아,서울특별시 마포구
햄버거,롯데리아,경상남도 창원시
햄버거,롯데리아,경기도 안양시
햄버거,롯데리아,경상북도 경주시
햄버거,롯데리아,인천광역시 서구
햄버거,롯데리아,대전광역시 유성구
햄버거,롯데리아,전라남도 목포시
햄버거,롯데리아,충청북도 청주시
햄버거,롯데리아,부산광역시 진구
햄버거,롯데리아,대구광역시 북구
햄버거,롯데리아,서울특별시 양천구
햄버거,롯데리아,경기도 수원시
햄버거,롯데리아,서울특별시 동작구
햄버거,롯데리아,인천광역시 남구
햄버거,롯데리아,인천광역시 부평구
햄버거,롯데리아,강원 춘천시
햄버거,롯데리아,전라북도 전주시
햄버거,롯데리아,경기도 동두천시
햄버거,롯데리아,부산광역시 사하구
햄버거,롯데리아,대구광역시 달서구
햄버거,롯데리아,충청북도 청주시
햄버거,롯데리아,경기도 용인시
햄버거,롯데리아,경기도 여주시
햄버거,롯데리아,전라남도 강진군
햄버거,롯데리아,광주광역시 북구
햄버거,롯데리아,경기도 의정부시
햄버거,롯데리아,경기도 안산시
햄버거,롯데리아,경기도 화성시
햄버거,롯데리아,경기도 화성시
햄버거,롯데리아,경기도 양주시
햄버거,롯데리아,인천광역시 계양구
햄버거,롯데리아,서울특별시 도봉구
햄버거,롯데리아,서울특별시 마포구
햄버거,롯데리아,인천광역시 중구
햄버거,롯데리아,대전광역시 서구
햄버거,롯데리아,경기도 수원시
햄버거,롯데리아,대전광역시 대덕구
햄버거,롯데리아,전라북도 완주군
햄버거,롯데리아,전라북도 전주시
햄버거,롯데리아,경기도 오산시
햄버거,롯데리아,서울특별시 강동구
햄버거,롯데리아,서울특별시 강남구
햄버거,롯데리아,부산광역시 사하구
햄버거,롯데리아,서울특별시 송파구
햄버거,롯데리아,대구광역시 달성군
햄버거,롯데리아,경상북도 경산시
햄버거,롯데리아,경기도 안양시
햄버거,롯데리아,경상남도 김해시
햄버거,롯데리아,전라북도 군산시
햄버거,롯데리아,경상북도 영천시
햄버거,롯데리아,충청남도 아산시
햄버거,롯데리아,대전광역시 서구
햄버거,롯데리아,대전광역시 중구
햄버거,롯데리아,전라북도 익산시
햄버거,롯데리아,서울특별시 송파구
햄버거,롯데리아,경기도 용인시
햄버거,롯데리아,전라북도 익산시
햄버거,롯데리아,전라남도 장흥군
햄버거,롯데리아,서울특별시 성동구
햄버거,롯데리아,경기도 안양시
햄버거,롯데리아,경상남도 창원시
햄버거,롯데리아,경상북도 안동시
햄버거,롯데리아,경상북도 경산시
햄버거,롯데리아,부산광역시 사상구
햄버거,롯데리아,경상남도 창원시
햄버거,롯데리아,대전광역시 동구
햄버거,롯데리아,충청북도 천안시
햄버거,롯데리아,인천광역시 서구
햄버거,롯데리아,경기도 부천시
햄버거,롯데리아,충청남도 천안시
햄버거,롯데리아,충청남도 부여군
햄버거,롯데리아,대구광역시 수성구
햄버거,롯데리아,경기도 김포시
햄버거,롯데리아,서울특별시 강남구
햄버거,롯데리아,경기도 안양시
햄버거,롯데리아,경기도 부천시
햄버거,롯데리아,인천광역시 남동구
햄버거,롯데리아,경상남도 진주시
햄버거,롯데리아,부산광역시 북구
햄버거,롯데리아,서울특별시 관악구
햄버거,롯데리아,충청남도 천안시
햄버거,롯데리아,경기도 하남시
햄버거,롯데리아,서울특별시 광진구
햄버거,롯데리아,서울특별시 관악구
햄버거,롯데리아,경기도 수원시
햄버거,롯데리아,대구광역시 동구
햄버거,롯데리아,인천광역시 연수구
햄버거,롯데리아,경기도 성남시
햄버거,롯데리아,대전광역시 동구
햄버거,롯데리아,울산광역시 동구
햄버거,롯데리아,강원 화천군
햄버거,롯데리아,경남남도 함안군
햄버거,롯데리아,서울특별시 은평구
햄버거,롯데리아,충청남도 아산시
햄버거,롯데리아,경기도 용인시
햄버거,롯데리아,경기도 수원시
햄버거,롯데리아,서울특별시 강남구
햄버거,롯데리아,강원 평창군
햄버거,롯데리아,경기도 의정부시
햄버거,롯데리아,경기도 시흥시
햄버거,롯데리아,인천광역시 서구
햄버거,롯데리아,서울특별시 중랑구
햄버거,롯데리아,대전광역시 유성구
햄버거,롯데리아,경상북도 성주군
햄버거,롯데리아,충청남도 서산시
햄버거,롯데리아,서울특별시 구로구
햄버거,롯데리아,부산광역시 부산진구
햄버거,롯데리아,전라북도 부안군
햄버거,롯데리아,전라남도 순천시
햄버거,롯데리아,충청북도 음성군
햄버거,롯데리아,전라남도 담양군
햄버거,롯데리아,서울특별시 용산구
햄버거,롯데리아,서울특별시 송파구
햄버거,롯데리아,서울특별시 송파구
햄버거,롯데리아,부산광역시 연제구
햄버거,롯데리아,인천광역시 연수구
햄버거,롯데리아,인천광역시 서구
햄버거,롯데리아,서울특별시 강동구
햄버거,롯데리아,서울특별시 강북구
햄버거,롯데리아,서울특별시 강남구
햄버거,롯데리아,서울특별시 광진구
햄버거,롯데리아,강원 원주시
햄버거,롯데리아,서울특별시 용산구
햄버거,롯데리아,전라남도 여수시
햄버거,롯데리아,전라북도 완주군
햄버거,롯데리아,경기도 화성시
햄버거,롯데리아,서울특별시 강동구
햄버거,롯데리아,경기도 부천시
햄버거,롯데리아,경상남도 양산시
햄버거,롯데리아,서울특별시 강서구
햄버거,롯데리아,전라북도 익산시
햄버거,롯데리아,경상남도 김해시
햄버거,롯데리아,서울특별시 송파구
햄버거,롯데리아,전라북도 임실군
햄버거,롯데리아,경상남도 김해시
햄버거,롯데리아,대구광역시 수성구
햄버거,롯데리아,서울특별시 송파구
햄버거,롯데리아,제주특별자치도 제주시
햄버거,롯데리아,충청남도 천안시
햄버거,롯데리아,충청남도 당진시
햄버거,롯데리아,경상남도 창녕군
햄버거,롯데리아,경기도 고양시
햄버거,롯데리아,부산광역시 사하구
햄버거,롯데리아,인천광역시 서구
햄버거,롯데리아,경기도 가평군
햄버거,롯데리아,대전광역시 유성구
햄버거,롯데리아,경기도 김포시
햄버거,롯데리아,경상남도 거제시
햄버거,롯데리아,부산광역시 중구
햄버거,롯데리아,전라남도 여수시
햄버거,롯데리아,경기도 고양시
햄버거,롯데리아,경기도 광주시
햄버거,롯데리아,부산광역시 사하구
햄버거,롯데리아,인천광역시 남동구
햄버거,롯데리아,경기도 김포시
햄버거,롯데리아,경기도 파주시
햄버거,롯데리아,경상북도 영주시
햄버거,롯데리아,경기도 평택시
햄버거,롯데리아,경기도 수원시
햄버거,롯데리아,충청남도 논산시
햄버거,롯데리아,충청북도 청주시
햄버거,롯데리아,대전광역시 서구
햄버거,롯데리아,울산광역시 중구
햄버거,롯데리아,전라북도 순창군
햄버거,롯데리아,경기도 이천시
햄버거,롯데리아,충청남도 천안시
햄버거,롯데리아,경상남도 진주시
햄버거,롯데리아,경기도 남양주시
햄버거,롯데리아,경기도 부천시
햄버거,롯데리아,광주광역시 북구
햄버거,롯데리아,제주특별자치도 제주시
햄버거,롯데리아,전라북도 전주시
햄버거,롯데리아,전라남도 장성군
햄버거,롯데리아,부산광역시 사상구
햄버거,롯데리아,경기도 평택시
햄버거,롯데리아,대구광역시 달서구
햄버거,롯데리아,경상북도 구미시
햄버거,롯데리아,경상남도 거제시
햄버거,롯데리아,경상남도 창원시
햄버거,롯데리아,서울특별시 마포구
햄버거,롯데리아,부산광역시 연제구
햄버거,롯데리아,인천광역시 중구
햄버거,롯데리아,서울특별시 용산구
햄버거,롯데리아,경기도 수원시
햄버거,롯데리아,전라남도 고흥군
햄버거,롯데리아,강원 강릉시
햄버거,롯데리아,경상남도 창원시
햄버거,롯데리아,부산광역시 수영구
햄버거,롯데리아,경상북도 고령군
햄버거,롯데리아,대구광역시 중구
햄버거,롯데리아,부산광역시 기장군
햄버거,롯데리아,경기도 수원시
햄버거,롯데리아,서울특별시 구로구
햄버거,롯데리아,서울특별시 성북구
햄버거,롯데리아,경기도 가평군
햄버거,롯데리아,부산광역시 중구
햄버거,롯데리아,제주특별자치도 제주시
햄버거,롯데리아,대전광역시 동구
햄버거,롯데리아,경기도 수원시
햄버거,롯데리아,경기도 양평군
햄버거,롯데리아,경기도 광주시
햄버거,롯데리아,경기도 광주시
햄버거,롯데리아,강원 원주시
햄버거,롯데리아,세종특별자치시 연기면
햄버거,롯데리아,세종특별자치시 금남면
햄버거,롯데리아,경상남도 하동군
햄버거,롯데리아,대구광역시 수성구
햄버거,롯데리아,광주광역시 서구
햄버거,롯데리아,충청북도 청주시
햄버거,롯데리아,경상북도 봉화군
햄버거,롯데리아,부산광역시 해운대구
햄버거,롯데리아,전라남도 나주시
햄버거,롯데리아,경기도 광명시
햄버거,롯데리아,부산광역시 기장군
햄버거,롯데리아,경상북도 안동시
햄버거,롯데리아,충청남도 천안시
햄버거,롯데리아,충청남도 홍성군
햄버거,롯데리아,서울특별시 관악구
햄버거,롯데리아,대구광역시 북구
햄버거,롯데리아,제주특별자치도 제주시
햄버거,롯데리아,충청북도 청주시
햄버거,롯데리아,경기도 과천시
햄버거,롯데리아,경상남도 진주시
햄버거,롯데리아,경기도 여주군
햄버거,롯데리아,경기도 화성시
햄버거,롯데리아,경기도 화성시
햄버거,롯데리아,대전광역시 서구
햄버거,롯데리아,충청남도 아산시
햄버거,롯데리아,경기도 성남시
햄버거,롯데리아,강원 강릉시
햄버거,롯데리아,경기도 이천시
햄버거,롯데리아,서울특별시 관악구
햄버거,롯데리아,경기도 고양시
햄버거,롯데리아,충청남도 아산시
햄버거,롯데리아,인천광역시 중구
햄버거,롯데리아,경상남도 김해시
햄버거,롯데리아,광주광역시 광산구
햄버거,롯데리아,부산광역시 부산진구
햄버거,롯데리아,인천광역시 중구
햄버거,롯데리아,전라북도 전주시
햄버거,롯데리아,경기도 고양시
햄버거,롯데리아,제주특별자치도 서귀포시
햄버거,롯데리아,충청남도 당진군
햄버거,롯데리아,서울특별시 서대문구
햄버거,롯데리아,부산광역시 서구
햄버거,롯데리아,경기도 용인시
햄버거,롯데리아,대전광역시 동구
햄버거,롯데리아,충청북도 청원군
햄버거,롯데리아,인천광역시 중구
햄버거,롯데리아,전라북도 전주시
햄버거,롯데리아,서울특별시 강북구
햄버거,롯데리아,경상남도 창원시
햄버거,롯데리아,경기도 고양시
햄버거,롯데리아,대전광역시 유성구
햄버거,롯데리아,경상남도 거제시
햄버거,롯데리아,제주특별자치도 제주시
햄버거,롯데리아,경상북도 경산시
햄버거,롯데리아,경상북도 김천시
햄버거,롯데리아,전라남도 구례군
햄버거,롯데리아,울산광역시 중구
햄버거,롯데리아,인천광역시 남구
햄버거,롯데리아,인천광역시 연수구
햄버거,롯데리아,경상북도 구미시
햄버거,롯데리아,경기도 파주시
햄버거,롯데리아,서울특별시 마포구
햄버거,롯데리아,충청남도 보령시
햄버거,롯데리아,충청남도 천안시
햄버거,롯데리아,경기도 시흥시
햄버거,롯데리아,경기도 김포시
햄버거,롯데리아,경상남도 창원시
햄버거,롯데리아,인천광역시 남구
햄버거,롯데리아,전라북도 무주군
햄버거,롯데리아,충청남도 홍성군
햄버거,롯데리아,대구광역시 동구
햄버거,롯데리아,경기도 평택시
햄버거,롯데리아,경기도 성남시
햄버거,롯데리아,강원 춘천시
햄버거,롯데리아,경기도 화성시
햄버거,롯데리아,인천광역시 남구
햄버거,롯데리아,충청북도 청주시
햄버거,롯데리아,울산광역시 북구
햄버거,롯데리아,경상북도 김천시
햄버거,롯데리아,부산광역시 강서구
햄버거,롯데리아,경기도 안양시
햄버거,롯데리아,경기도 의정부시
햄버거,롯데리아,경기도 안산시
햄버거,롯데리아,대구광역시 달성군
햄버거,롯데리아,광주광역시 남구
햄버거,롯데리아,전라남도 함평군
햄버거,롯데리아,강원 고성군
햄버거,롯데리아,부산광역시 수영구
햄버거,롯데리아,충청북도 청주시
햄버거,롯데리아,경기도 이천시
햄버거,롯데리아,경기도 용인시
햄버거,롯데리아,경기도 용인시
햄버거,롯데리아,부산광역시 해운대구
햄버거,롯데리아,울산광역시 남구
햄버거,롯데리아,서울특별시 동작구
햄버거,롯데리아,경기도 평택시
햄버거,롯데리아,경기도 용인시
햄버거,롯데리아,경기도 수원시
햄버거,롯데리아,충청남도 서산시
햄버거,롯데리아,충청북도 청주시
햄버거,롯데리아,부산광역시 해운대구
햄버거,롯데리아,경상북도 영주시
햄버거,롯데리아,경기도 평택시
햄버거,롯데리아,경기도 안성시
햄버거,롯데리아,경기도 안성시
햄버거,롯데리아,경기도 화성시
햄버거,롯데리아,경기도 의왕시
햄버거,롯데리아,대구광역시 달성군
햄버거,롯데리아,광주광역시 광산구
햄버거,롯데리아,전라남도 순천시
햄버거,롯데리아,대구광역시 달성군
햄버거,롯데리아,경기도 수원시
햄버거,롯데리아,경기도 고양시
햄버거,롯데리아,전라북도 정읍시
햄버거,롯데리아,경기도 안성시
햄버거,롯데리아,서울특별시 서초구
햄버거,롯데리아,부산광역시 강서구
햄버거,롯데리아,경상남도 양산시
햄버거,롯데리아,서울특별시 영등포구
햄버거,롯데리아,광주광역시 북구
햄버거,롯데리아,서울특별시 동대문구
햄버거,롯데리아,경상북도 안동시
햄버거,롯데리아,경기도 시흥시
햄버거,롯데리아,서울특별시 용산구
햄버거,롯데리아,대구광역시 북구
햄버거,롯데리아,경기도 안양시
햄버거,롯데리아,서울특별시 강남구
햄버거,롯데리아,경기도 화성시
햄버거,롯데리아,충청남도 아산시
햄버거,롯데리아,충청북도 충주시
햄버거,롯데리아,경기도 오산시
햄버거,롯데리아,서울특별시 중랑구
햄버거,롯데리아,경상남도 진주시
햄버거,롯데리아,경기도 파주시
햄버거,롯데리아,경기도 안산시
햄버거,롯데리아,경상남도 진주시
햄버거,롯데리아,부산광역시 강서구
햄버거,롯데리아,경상북도 포항시
햄버거,롯데리아,대전광역시 중구
햄버거,롯데리아,충청남도 아산시
햄버거,롯데리아,경기도 남양주시
햄버거,롯데리아,전라북도 익산시
햄버거,롯데리아,서울특별시 강남구
햄버거,롯데리아,인천광역시 옹진군
햄버거,롯데리아,울산광역시 중구
햄버거,롯데리아,전라북도 전주시
햄버거,롯데리아,부산광역시 부산진구
햄버거,롯데리아,인천광역시 서구
햄버거,롯데리아,대전광역시 유성구
햄버거,롯데리아,경기도 시흥시
햄버거,롯데리아,울산광역시 북구
햄버거,롯데리아,부산광역시 동구
햄버거,롯데리아,경기도 양주시
햄버거,롯데리아,경기도 양주시
햄버거,롯데리아,제주특별자치도 서귀포시
햄버거,롯데리아,충청북도 음성군
햄버거,롯데리아,서울특별시 영등포구
햄버거,롯데리아,경기도 화성시
햄버거,롯데리아,부산광역시 동래구
햄버거,롯데리아,부산광역시 해운대구
햄버거,롯데리아,울산광역시 남구
햄버거,롯데리아,서울특별시 송파구
햄버거,롯데리아,경기도 시흥시
햄버거,롯데리아,경상북도 경주시
햄버거,롯데리아,광주광역시 광산구
햄버거,롯데리아,경기도 평택시
햄버거,롯데리아,경기도 의정부시
햄버거,롯데리아,전라북도 장수군
햄버거,롯데리아,부산광역시 북구
햄버거,롯데리아,울산광역시 울주군
햄버거,롯데리아,부산광역시 수영구
햄버거,롯데리아,강원 인제군
햄버거,롯데리아,경상북도 울릉군
햄버거,롯데리아,강원 속초시
햄버거,롯데리아,경기도 용인시
햄버거,롯데리아,부산광역시 강서구
햄버거,롯데리아,경기도 용인시
햄버거,롯데리아,충청북도 청주시
햄버거,롯데리아,강원 강릉시
햄버거,롯데리아,대전광역시 서구
햄버거,롯데리아,전라남도 보성군
햄버거,롯데리아,경기도 김포시
햄버거,롯데리아,경상북도 구미시
햄버거,롯데리아,경기도 김포시
햄버거,롯데리아,서울특별시 송파구
햄버거,롯데리아,서울특별시 양천구
햄버거,롯데리아,서울특별시 동대문구
햄버거,롯데리아,서울특별시 동대문구
햄버거,롯데리아,경기도 시흥시
햄버거,롯데리아,전라남도 순천시
햄버거,롯데리아,경상북도 포항시
햄버거,롯데리아,경상남도 창원시
햄버거,롯데리아,서울특별시 성북구
햄버거,롯데리아,서울특별시 관악구
햄버거,롯데리아,경기도 구리시
햄버거,롯데리아,경기도 김포시
햄버거,롯데리아,광주광역시 서구
햄버거,롯데리아,강원 원주시
햄버거,롯데리아,충청남도 당진시
햄버거,롯데리아,인천광역시 중구
햄버거,롯데리아,서울특별시 송파구
햄버거,롯데리아,강원 춘천시
햄버거,롯데리아,경기도 평택시
햄버거,롯데리아,서울특별시 금천구
햄버거,롯데리아,부산광역시 부산진구
햄버거,롯데리아,서울특별시 서대문구
햄버거,롯데리아,경기도 고양시
햄버거,롯데리아,경기도 화성시
햄버거,롯데리아,서울특별시 강서구
햄버거,롯데리아,충청북도 음성군
햄버거,롯데리아,전라남도 여수시
햄버거,롯데리아,경상북도 영주시
햄버거,롯데리아,부산광역시 부산진구
햄버거,롯데리아,충청북도 충주시
햄버거,롯데리아,경상북도 의성군
햄버거,롯데리아,전라남도 곡성군
햄버거,롯데리아,경기도 군포시
햄버거,롯데리아,서울특별시 강남구
햄버거,롯데리아,경기도 남양주시
햄버거,롯데리아,부산광역시 해운대구
햄버거,롯데리아,경상남도 밀양시
햄버거,롯데리아,대전광역시 중구
햄버거,롯데리아,부산광역시 금정구
햄버거,롯데리아,서울특별시 서초구
햄버거,롯데리아,경상북도 안동시
햄버거,롯데리아,경기도 용인시
햄버거,롯데리아,경상남도 밀양시
햄버거,롯데리아,서울특별시 강서구
햄버거,롯데리아,경기도 파주시
햄버거,롯데리아,경기도 용인시
햄버거,롯데리아,경기도 화성시
햄버거,롯데리아,울산광역시 남구
햄버거,롯데리아,경기도 가평군
햄버거,롯데리아,전라남도 순천시
햄버거,롯데리아,부산광역시 동래구
햄버거,롯데리아,인천광역시 서구
햄버거,롯데리아,울산광역시 남구
햄버거,롯데리아,서울특별시 성동구
햄버거,롯데리아,충청남도 서산시
햄버거,롯데리아,전라남도 여수시
햄버거,롯데리아,경기도 파주시
햄버거,롯데리아,경기도 광주시
햄버거,롯데리아,인천광역시 남구
햄버거,롯데리아,제주특별자치도 서귀포시
햄버거,롯데리아,서울특별시 서초구
햄버거,롯데리아,경기도 안성시
햄버거,롯데리아,경기도 하남시
햄버거,롯데리아,경기도 광명시
햄버거,롯데리아,경상북도 경산시
햄버거,롯데리아,경상남도 창원시
햄버거,롯데리아,제주특별자치도 제주시
햄버거,롯데리아,경기도 수원시
햄버거,롯데리아,서울특별시 노원구
햄버거,롯데리아,경상남도 창원시
햄버거,롯데리아,경기도 이천시
햄버거,롯데리아,충청남도 당진시
햄버거,롯데리아,서울특별시 노원구
햄버거,롯데리아,경기도 수원시
햄버거,롯데리아,경상북도 구미시
햄버거,롯데리아,충청북도 제천시
햄버거,롯데리아,경기도 수원시
햄버거,롯데리아,경기도 화성시
햄버거,롯데리아,경기도 남양주시
햄버거,롯데리아,인천광역시 남구
햄버거,롯데리아,부산광역시 동래구
햄버거,롯데리아,경상남도 창원시
햄버거,롯데리아,경기도 수원시
햄버거,롯데리아,광주광역시 광산구
햄버거,롯데리아,광주광역시 광산구
햄버거,롯데리아,경기도 화성시
햄버거,롯데리아,경기도 부천시
햄버거,롯데리아,경상남도 김해시
햄버거,롯데리아,서울특별시 서대문구
햄버거,롯데리아,전라북도 전주시
햄버거,롯데리아,전라북도 익산시
햄버거,롯데리아,전라북도 전주시
햄버거,롯데리아,경상남도 의령군
햄버거,롯데리아,서울특별시 영등포구
햄버거,롯데리아,인천광역시 남동구
햄버거,롯데리아,경기도 성남시
햄버거,롯데리아,대구광역시 수성구
햄버거,롯데리아,대구광역시 중구
햄버거,롯데리아,경상남도 창원시
햄버거,롯데리아,강원 평창군
햄버거,롯데리아,전라북도 전주시
햄버거,롯데리아,전라남도 진도군
햄버거,롯데리아,제주특별자치도 제주시
햄버거,롯데리아,경기도 과천시
햄버거,롯데리아,경기도 평택시
햄버거,롯데리아,서울특별시 용산구
햄버거,롯데리아,경기도 수원시
햄버거,롯데리아,부산광역시 중구
햄버거,롯데리아,경상남도 창원시
햄버거,롯데리아,충청북도 청주시
햄버거,롯데리아,경기도 평택시
햄버거,롯데리아,대구광역시 중구
햄버거,롯데리아,경기도 용인시
햄버거,롯데리아,강원 원주시
햄버거,롯데리아,대구광역시 달성군
햄버거,롯데리아,경상남도 진주시
햄버거,롯데리아,경상남도 진주시
햄버거,롯데리아,경기도 군포시
햄버거,롯데리아,광주광역시 서구
햄버거,롯데리아,광주광역시 북구
햄버거,롯데리아,서울특별시 서대문구
햄버거,롯데리아,경상남도 산청군
햄버거,롯데리아,인천광역시 중구
햄버거,롯데리아,대구광역시 북구
햄버거,롯데리아,경상남도 거제시
햄버거,롯데리아,광주광역시 서구
햄버거,롯데리아,강원 홍천군
햄버거,롯데리아,경기도 평택시
햄버거,롯데리아,충청남도 서천군
햄버거,롯데리아,울산광역시 북구
햄버거,롯데리아,경기도 남양주시
햄버거,롯데리아,경기도 수원시
햄버거,롯데리아,울산광역시 북구
햄버거,롯데리아,경기도 시흥시
햄버거,롯데리아,서울특별시 은평구
햄버거,롯데리아,서울특별시 강서구
햄버거,롯데리아,서울특별시 용산구
햄버거,롯데리아,경기도 평택시
햄버거,롯데리아,충청남도 천안시
햄버거,롯데리아,경기도 이천시
햄버거,롯데리아,경기도 화성시
햄버거,롯데리아,경기도 광주시
햄버거,롯데리아,경기도 이천시
햄버거,롯데리아,강원 양양군
햄버거,롯데리아,전라북도 전주시
햄버거,롯데리아,충청북도 청주시
햄버거,롯데리아,경상남도 김해시
햄버거,롯데리아,광주광역시 남구
햄버거,롯데리아,충청남도 천안시
햄버거,롯데리아,제주특별자치도 제주시
햄버거,롯데리아,인천광역시 부평구
햄버거,롯데리아,경기도 김포시
햄버거,롯데리아,강원 원주시
햄버거,롯데리아,충청북도 청주시
햄버거,롯데리아,충청북도 충주시
햄버거,롯데리아,경상북도 구미시
햄버거,롯데리아,경기도 화성시
햄버거,롯데리아,대구광역시 동구
햄버거,롯데리아,경기도 시흥시
햄버거,롯데리아,경상북도 포항시
햄버거,롯데리아,경기도 안양시
햄버거,롯데리아,대구광역시 북구
햄버거,롯데리아,부산광역시 사하구
햄버거,롯데리아,서울특별시 용산구
햄버거,롯데리아,서울특별시 송파구
햄버거,롯데리아,광주광역시 남구
햄버거,롯데리아,충청북도 청주시
햄버거,롯데리아,대구광역시 달서구
햄버거,롯데리아,충청남도 천안시
햄버거,롯데리아,경기도 고양시
햄버거,롯데리아,서울특별시 마포구
햄버거,롯데리아,경기도 김포시
햄버거,롯데리아,경기도 평택시
햄버거,롯데리아,대구광역시 동구
햄버거,롯데리아,충청남도 논산시
햄버거,롯데리아,대전광역시 유성구
햄버거,롯데리아,경기도 남양주시
햄버거,롯데리아,인천광역시 서구
햄버거,롯데리아,강원 평창군
햄버거,롯데리아,인천광역시 연수구
햄버거,롯데리아,경기도 의정부시
햄버거,롯데리아,전라남도 무안군
햄버거,롯데리아,충청북도 청주시
햄버거,롯데리아,대전광역시 서구
햄버거,롯데리아,경기도 안산시
햄버거,롯데리아,경기도 광명시
햄버거,롯데리아,경상북도 문경시
햄버거,롯데리아,강원 원주시
햄버거,롯데리아,인천광역시 연수구
햄버거,롯데리아,충청남도 당진시
햄버거,롯데리아,경상남도 창원시
햄버거,롯데리아,서울특별시 양천구
햄버거,롯데리아,전라남도 영암군
햄버거,롯데리아,경기도 안산시
햄버거,롯데리아,경기도 의정부시
햄버거,롯데리아,경상남도 진주시
햄버거,롯데리아,경기도 용인시
햄버거,롯데리아,경상남도 김해시
햄버거,롯데리아,전라남도 여수시
햄버거,롯데리아,경기도 김포시
햄버거,롯데리아,충청남도 아산시
햄버거,롯데리아,강원 춘천시
햄버거,롯데리아,대구광역시 달서구
햄버거,롯데리아,경기도 수원시
햄버거,롯데리아,경상남도 양산시
햄버거,롯데리아,경기도 가평군
햄버거,롯데리아,경기도 광주시
햄버거,롯데리아,인천광역시 부평구
햄버거,롯데리아,경기도 고양시
햄버거,롯데리아,제주특별자치도 서귀포시
햄버거,롯데리아,경기도 고양시
