0,1,2
피자,피자나라 치킨공주,경기도 성남시
피자,피자나라 치킨공주,부천시 양지남로
피자,피자나라 치킨공주,경기도 고양시
피자,피자나라 치킨공주,경기도 이천시
피자,피자나라 치킨공주,경기도 화성시
피자,피자나라 치킨공주,경기도 화성시
피자,피자나라 치킨공주,경기도 시흥시
피자,피자나라 치킨공주,경기도 파주시
피자,피자나라 치킨공주,경상북도 군위군
피자,피자나라 치킨공주,부산광역시 부산진구
피자,피자나라 치킨공주,전라북도 전주시
피자,피자나라 치킨공주,경기도 양주시
피자,피자나라 치킨공주,경상북도 포항시
피자,피자나라 치킨공주,경기도 남양주
피자,피자나라 치킨공주,경기도 김포시
피자,피자나라 치킨공주,경상남도 통영시
피자,피자나라 치킨공주,경상북도 청송군
피자,피자나라 치킨공주,대구광역시 서구
피자,피자나라 치킨공주,경상북도 칠곡군
피자,피자나라 치킨공주,세종특별자치시 다정중앙로
피자,피자나라 치킨공주,서울시 영등포구
피자,피자나라 치킨공주,전라북도 전주시
피자,피자나라 치킨공주,대구광역시 북구
피자,피자나라 치킨공주,서울특별시 중랑구
피자,피자나라 치킨공주,경기도 평택시
피자,피자나라 치킨공주,전라북도 남원시
피자,피자나라 치킨공주,경기도 구리시
피자,피자나라 치킨공주,경기도 고양시
피자,피자나라 치킨공주,경기도 의정부시
피자,피자나라 치킨공주,경상남도 창원시
피자,피자나라 치킨공주,경기도 파주시
피자,피자나라 치킨공주,전라북도 군산시
피자,피자나라 치킨공주,서울특별시 강서구
피자,피자나라 치킨공주,경상북도 안동시
피자,피자나라 치킨공주,경상남도 통영시
피자,피자나라 치킨공주,대구광역시 남구
피자,피자나라 치킨공주,서울특별시 강남구
피자,피자나라 치킨공주,전라남도 광양시
피자,피자나라 치킨공주,세종특별시 남세종로
피자,피자나라 치킨공주,서울특별시 마포구
피자,피자나라 치킨공주,충청남도 아산시
피자,피자나라 치킨공주,경기도 화성시
피자,피자나라 치킨공주,경기도 용인시
피자,피자나라 치킨공주,경기도 용인시
피자,피자나라 치킨공주,경기도 용인시
피자,피자나라 치킨공주,경기도 수원시
피자,피자나라 치킨공주,경기도 김포시
피자,피자나라 치킨공주,경기도 김포시
피자,피자나라 치킨공주,경상남도 거제시
피자,피자나라 치킨공주,경기도 김포시
피자,피자나라 치킨공주,대구광역시 달성군
피자,피자나라 치킨공주,울산광역시 울주군
피자,피자나라 치킨공주,경상남도 창원시
피자,피자나라 치킨공주,부산광역시 금정구
피자,피자나라 치킨공주,경기도 화성시
피자,피자나라 치킨공주,충청북도 충주시
피자,피자나라 치킨공주,경기도 김포시
피자,피자나라 치킨공주,경기도 고양시
피자,피자나라 치킨공주,강원도 철원군
피자,피자나라 치킨공주,광주광역시 광산구
피자,피자나라 치킨공주,경기도 성남시
피자,피자나라 치킨공주,충청남도 천안시
피자,피자나라 치킨공주,경상남도 창원시
피자,피자나라 치킨공주,경기도 동두천시
피자,피자나라 치킨공주,대구광역시 수성구
피자,피자나라 치킨공주,경상북도 예천군
피자,피자나라 치킨공주,경상남도 양산시
피자,피자나라 치킨공주,부산광역시 동구
피자,피자나라 치킨공주,경상남도 김해시
피자,피자나라 치킨공주,경상남도 창원시
피자,피자나라 치킨공주,경기도 광주시
피자,피자나라 치킨공주,경기도 김포시
피자,피자나라 치킨공주,인천광역시 서구
피자,피자나라 치킨공주,대구광역시 수성구
피자,피자나라 치킨공주,울산광역시 남구
피자,피자나라 치킨공주,인천광역시 부평구
피자,피자나라 치킨공주,경기도 화성시
피자,피자나라 치킨공주,부산광역시 남구
피자,피자나라 치킨공주,대전광역시 대덕구
피자,피자나라 치킨공주,경상남도 함양군
피자,피자나라 치킨공주,전라북도 전주시
피자,피자나라 치킨공주,경상남도 창원시
피자,피자나라 치킨공주,경기도 하남시
피자,피자나라 치킨공주,서울시 동작구
피자,피자나라 치킨공주,경기도 고양시
피자,피자나라 치킨공주,경기도 파주시
피자,피자나라 치킨공주,전라남도 순천시
피자,피자나라 치킨공주,경기도 광명시
피자,피자나라 치킨공주,경기도 하남시
피자,피자나라 치킨공주,울산광역시 북구
피자,피자나라 치킨공주,울산광역시 남구
피자,피자나라 치킨공주,경상남도 밀양시
피자,피자나라 치킨공주,대구광역시 동구
피자,피자나라 치킨공주,경기도 구리시
피자,피자나라 치킨공주,인천광역시 중구
피자,피자나라 치킨공주,경기도 의정부시
피자,피자나라 치킨공주,광주광역시 동구
피자,피자나라 치킨공주,경기도 양주시
피자,피자나라 치킨공주,경기도 평택시
피자,피자나라 치킨공주,경상남도 거제시
피자,피자나라 치킨공주,대구광역시 북구
피자,피자나라 치킨공주,경기도 용인시
피자,피자나라 치킨공주,경상북도 포항시
피자,피자나라 치킨공주,세종특별자치시 도담동
피자,피자나라 치킨공주,부산광역시 사상구
피자,피자나라 치킨공주,충청남도 홍성군
피자,피자나라 치킨공주,경상남도 진주시
피자,피자나라 치킨공주,경기도 남양주시
피자,피자나라 치킨공주,전라남도 목포시
피자,피자나라 치킨공주,서울특별시 성북구
피자,피자나라 치킨공주,경기도 안산시
피자,피자나라 치킨공주,경상남도 창원시
피자,피자나라 치킨공주,경상북도 안동시
피자,피자나라 치킨공주,경기도 시흥시
피자,피자나라 치킨공주,경기도 광주시
피자,피자나라 치킨공주,인천광역시 남동구
피자,피자나라 치킨공주,전라남도 해남군
피자,피자나라 치킨공주,세종특별자치시 나성동
피자,피자나라 치킨공주,경기도 용인시
피자,피자나라 치킨공주,대구광역시 수성구
피자,피자나라 치킨공주,인천광역시 미추홀구
피자,피자나라 치킨공주,대구광역시 북구
피자,피자나라 치킨공주,울산광역시 남구
피자,피자나라 치킨공주,서울특별시 금천구
피자,피자나라 치킨공주,부산광역시 서구
피자,피자나라 치킨공주,부산광역시 해운대구
피자,피자나라 치킨공주,광주광역시 광산구
피자,피자나라 치킨공주,울산광역시 중구
피자,피자나라 치킨공주,경기도 안양시
피자,피자나라 치킨공주,서울특별시 성동구
피자,피자나라 치킨공주,서울특별시 강남구
피자,피자나라 치킨공주,광주광역시 북구
피자,피자나라 치킨공주,울산광역시 울주군
피자,피자나라 치킨공주,서울특별시 관악구
피자,피자나라 치킨공주,경기도 고양시
피자,피자나라 치킨공주,울산광역시 중구
피자,피자나라 치킨공주,경상남도 창원시
피자,피자나라 치킨공주,서울특별시 용산구
피자,피자나라 치킨공주,경기도 부천시
피자,피자나라 치킨공주,전라남도 광양시
피자,피자나라 치킨공주,충청북도 진천군
피자,피자나라 치킨공주,강원도 홍천군
피자,피자나라 치킨공주,서울특별시 강동구
피자,피자나라 치킨공주,전라남도 구례군
피자,피자나라 치킨공주,전라남도 담양군
피자,피자나라 치킨공주,충청남도 공주시
피자,피자나라 치킨공주,경기도 안산시
피자,피자나라 치킨공주,전라북도 완주군
피자,피자나라 치킨공주,전라남도 목포시
피자,피자나라 치킨공주,경기도 남양주시
피자,피자나라 치킨공주,경상남도 진주시
피자,피자나라 치킨공주,충청남도 서산시
피자,피자나라 치킨공주,광주광역시 북구
피자,피자나라 치킨공주,광주광역시 북구
피자,피자나라 치킨공주,경상남도 사천시
피자,피자나라 치킨공주,전라남도 나주시
피자,피자나라 치킨공주,인천광역시 부평구
피자,피자나라 치킨공주,인천광역시 중구
피자,피자나라 치킨공주,강원도 강릉시
피자,피자나라 치킨공주,서울특별시 양천구
피자,피자나라 치킨공주,부산광역시 영도구
피자,피자나라 치킨공주,대구광역시 달서구
피자,피자나라 치킨공주,대구광역시 달서구
피자,피자나라 치킨공주,대구광역시 북구
피자,피자나라 치킨공주,경상남도 창원시
피자,피자나라 치킨공주,경기도 수원시
피자,피자나라 치킨공주,서울특별시 중구
피자,피자나라 치킨공주,서울특별시 송파구
피자,피자나라 치킨공주,경기도 광명시
피자,피자나라 치킨공주,서울특별시 동대문구
피자,피자나라 치킨공주,경기도 성남시
피자,피자나라 치킨공주,경기도 평택시
피자,피자나라 치킨공주,부산광역시 부산진구
피자,피자나라 치킨공주,경상남도 진주시
피자,피자나라 치킨공주,인천광역시 남동구
피자,피자나라 치킨공주,경상북도 경산시
피자,피자나라 치킨공주,경기도 양평군
피자,피자나라 치킨공주,부산광역시 사상구
피자,피자나라 치킨공주,경기도 군포시
피자,피자나라 치킨공주,인천광역시 서구
피자,피자나라 치킨공주,경기도 김포시
피자,피자나라 치킨공주,경상남도 창원시
피자,피자나라 치킨공주,경상남도 김해시
피자,피자나라 치킨공주,서울특별시 성동구
피자,피자나라 치킨공주,광주광역시 광산구
피자,피자나라 치킨공주,대구광역시 달서구
피자,피자나라 치킨공주,부산광역시 사상구
피자,피자나라 치킨공주,대구광역시 북구
피자,피자나라 치킨공주,충청북도 괴산군
피자,피자나라 치킨공주,인천광역시 서구
피자,피자나라 치킨공주,경상남도 사천시
피자,피자나라 치킨공주,경기도 하남시
피자,피자나라 치킨공주,대구광역시 중구
피자,피자나라 치킨공주,강원도 철원군
피자,피자나라 치킨공주,충청북도 증평군
피자,피자나라 치킨공주,경상남도 진주시
피자,피자나라 치킨공주,서울특별시 은평구
피자,피자나라 치킨공주,서울특별시 동대문구
피자,피자나라 치킨공주,경기도 의정부시
피자,피자나라 치킨공주,경상북도 경산시
피자,피자나라 치킨공주,전라남도 순천시
피자,피자나라 치킨공주,경상남도 창원시
피자,피자나라 치킨공주,충청북도 영동군
피자,피자나라 치킨공주,경상북도 포항시
피자,피자나라 치킨공주,경기도 수원시
피자,피자나라 치킨공주,경상남도 창원시
피자,피자나라 치킨공주,전라남도 목포시
피자,피자나라 치킨공주,광주광역시 광산구
피자,피자나라 치킨공주,충청북도 충주시
피자,피자나라 치킨공주,경상남도 진주시
피자,피자나라 치킨공주,울산광역시 북구
피자,피자나라 치킨공주,경상남도 진주시
피자,피자나라 치킨공주,경기도 남양주
피자,피자나라 치킨공주,경기도 용인시
피자,피자나라 치킨공주,전라남도 목포시
피자,피자나라 치킨공주,경상남도 창원시
피자,피자나라 치킨공주,부산광역시 사하구
피자,피자나라 치킨공주,경상북도 포항시
피자,피자나라 치킨공주,경상북도 경주시
피자,피자나라 치킨공주,전라북도 전주시
피자,피자나라 치킨공주,대구광역시 남구
피자,피자나라 치킨공주,경기도 연천군
피자,피자나라 치킨공주,인천광역시 미추홀구
피자,피자나라 치킨공주,부산광역시 연제구
피자,피자나라 치킨공주,전라북도 전주시
피자,피자나라 치킨공주,경기도 수원시
피자,피자나라 치킨공주,서울특별시 도봉구
피자,피자나라 치킨공주,대구광역시 수성구
피자,피자나라 치킨공주,전라남도 광양시
피자,피자나라 치킨공주,강원도 강릉시
피자,피자나라 치킨공주,전라남도 순천시
피자,피자나라 치킨공주,울산광역시 동구
피자,피자나라 치킨공주,경상북도 경산시
피자,피자나라 치킨공주,경상남도 양산시
피자,피자나라 치킨공주,부산광역시 해운대구
피자,피자나라 치킨공주,강원도 원주시
피자,피자나라 치킨공주,충청남도 당진시
피자,피자나라 치킨공주,부산광역시 강서구
피자,피자나라 치킨공주,경기도 평택시
피자,피자나라 치킨공주,경기도 화성시
피자,피자나라 치킨공주,서울특별시 양천구
피자,피자나라 치킨공주,경상북도 포항시
피자,피자나라 치킨공주,전라북도 부안군
피자,피자나라 치킨공주,부산광역시 부산진구
피자,피자나라 치킨공주,경기도 안양시
피자,피자나라 치킨공주,서울특별시 서대문구
피자,피자나라 치킨공주,경상남도 창원시
피자,피자나라 치킨공주,경기도 수원시
피자,피자나라 치킨공주,전라북도 군산시
피자,피자나라 치킨공주,대구광역시 동구
피자,피자나라 치킨공주,경기도 고양시
피자,피자나라 치킨공주,서울특별시 송파구
피자,피자나라 치킨공주,경상남도 양산시
피자,피자나라 치킨공주,경기도 화성시
피자,피자나라 치킨공주,경상남도 진주시
피자,피자나라 치킨공주,충청남도 아산시
피자,피자나라 치킨공주,경기도 안성시
피자,피자나라 치킨공주,인천시 서구
피자,피자나라 치킨공주,부산광역시 기장군
피자,피자나라 치킨공주,전라남도 화순군
피자,피자나라 치킨공주,경기도 포천시
피자,피자나라 치킨공주,강원도 춘천시
피자,피자나라 치킨공주,서울특별시 강북구
피자,피자나라 치킨공주,서울특별시 동작구
피자,피자나라 치킨공주,경상남도 김해시
피자,피자나라 치킨공주,강원도 양양군
피자,피자나라 치킨공주,충청남도 천안시
피자,피자나라 치킨공주,울산광역시 울주군
피자,피자나라 치킨공주,경기도 남양주시
피자,피자나라 치킨공주,경상남도 창원시
피자,피자나라 치킨공주,대전광역시 동구
피자,피자나라 치킨공주,서울특별시 강남구
피자,피자나라 치킨공주,인천광역시 연수구
피자,피자나라 치킨공주,전라북도 익산시
피자,피자나라 치킨공주,전라남도 목포시
피자,피자나라 치킨공주,서울특별시 동대문구
피자,피자나라 치킨공주,경기도 의정부시
피자,피자나라 치킨공주,충청북도 청주시
피자,피자나라 치킨공주,경기도 시흥시
피자,피자나라 치킨공주,전라북도 군산시
피자,피자나라 치킨공주,인천광역시 연수구
피자,피자나라 치킨공주,전라남도 목포시
피자,피자나라 치킨공주,경기도 부천시
피자,피자나라 치킨공주,경기도 수원시
피자,피자나라 치킨공주,경상북도 영덕군
피자,피자나라 치킨공주,충청남도 천안시
피자,피자나라 치킨공주,전라북도 고창군
피자,피자나라 치킨공주,경기도 여주시
피자,피자나라 치킨공주,충청북도 청주시
피자,피자나라 치킨공주,경상북도 구미시
피자,피자나라 치킨공주,경상북도 구미시
피자,피자나라 치킨공주,세종특별자치시 조치원읍
피자,피자나라 치킨공주,강원도 정선군
피자,피자나라 치킨공주,경기도 부천시
피자,피자나라 치킨공주,경기도 하남시
피자,피자나라 치킨공주,경기도 성남시
피자,피자나라 치킨공주,경기도 광주시
피자,피자나라 치킨공주,인천광역시 남동구
피자,피자나라 치킨공주,전라남도 무안군
피자,피자나라 치킨공주,인천광역시 미추홀구
피자,피자나라 치킨공주,경기도 시흥시
피자,피자나라 치킨공주,서울특별시 관악구
피자,피자나라 치킨공주,전라남도 순천시
피자,피자나라 치킨공주,울산광역시 남구
피자,피자나라 치킨공주,전라북도 군산시
피자,피자나라 치킨공주,충청남도 천안시
피자,피자나라 치킨공주,서울특별시 서대문구
피자,피자나라 치킨공주,경기도 오산시
피자,피자나라 치킨공주,경기도 고양시
피자,피자나라 치킨공주, 경기도
피자,피자나라 치킨공주,경상북도 구미시
피자,피자나라 치킨공주,전라남도 나주시
피자,피자나라 치킨공주,강원도 철원군
피자,피자나라 치킨공주,강원도 속초시
피자,피자나라 치킨공주,전라남도 영암군
피자,피자나라 치킨공주,대구광역시 달성군
피자,피자나라 치킨공주,서울시 성동구
피자,피자나라 치킨공주,부산광역시 수영구
피자,피자나라 치킨공주,경상남도 창원시
피자,피자나라 치킨공주,서울시 광진구
피자,피자나라 치킨공주,충청남도 서산시
피자,피자나라 치킨공주,강원도 원주시
피자,피자나라 치킨공주,경기도 포천시
피자,피자나라 치킨공주,경상남도 창원시
피자,피자나라 치킨공주,경상남도 창원시
피자,피자나라 치킨공주,경상남도 창원시
피자,피자나라 치킨공주,전라남도 순천시
피자,피자나라 치킨공주,경기도 군포시
피자,피자나라 치킨공주,충청남도 아산시
피자,피자나라 치킨공주,서울시 광진구
피자,피자나라 치킨공주,전라남도 무안군
피자,피자나라 치킨공주,서울특별시 구로구
피자,피자나라 치킨공주,전라북도 익산시
피자,피자나라 치킨공주,부산광역시 서구
피자,피자나라 치킨공주,경상남도 거창군
피자,피자나라 치킨공주,경상북도 경산시
피자,피자나라 치킨공주,부산광역시 북구
피자,피자나라 치킨공주,전라북도 익산시
피자,피자나라 치킨공주,부산광역시 동래구
피자,피자나라 치킨공주,대구광역시 북구
피자,피자나라 치킨공주,부산광역시 사하구
피자,피자나라 치킨공주,경상북도 구미시
피자,피자나라 치킨공주,전라남도 목포시
피자,피자나라 치킨공주,경기도 수원시
피자,피자나라 치킨공주,충청남도 홍성군
피자,피자나라 치킨공주,충청남도 보령시
피자,피자나라 치킨공주,경기도 양주시
피자,피자나라 치킨공주,경기도 고양시
피자,피자나라 치킨공주,강원도 횡성군
피자,피자나라 치킨공주,서울시 중랑구
피자,피자나라 치킨공주,부산광역시 강서구
피자,피자나라 치킨공주,경상북도 포항시
피자,피자나라 치킨공주,부산광역시 북구
피자,피자나라 치킨공주,부산광역시 남구
피자,피자나라 치킨공주,경상남도 김해시
피자,피자나라 치킨공주,경기도 안양시
피자,피자나라 치킨공주,경기도 포천시
피자,피자나라 치킨공주,인천광역시 미추홀구
피자,피자나라 치킨공주,경기도 고양시
피자,피자나라 치킨공주,서울특별시 서대문구
피자,피자나라 치킨공주,경기도 부천시
피자,피자나라 치킨공주,경상북도 칠곡군
피자,피자나라 치킨공주,전라북도 정읍시
피자,피자나라 치킨공주,서울특별시 노원구
피자,피자나라 치킨공주,인천광역시 계양구
피자,피자나라 치킨공주,대구광역시 서구
피자,피자나라 치킨공주,경기도 의정부시
피자,피자나라 치킨공주,부산광역시 금정구
피자,피자나라 치킨공주,경상남도 양산시
피자,피자나라 치킨공주,경상남도 양산시
피자,피자나라 치킨공주,광주광역시 서구
피자,피자나라 치킨공주,부산광역시 해운대구
피자,피자나라 치킨공주,경상북도 문경시
피자,피자나라 치킨공주,인천광역시 남동구
피자,피자나라 치킨공주,서울시 광진구
피자,피자나라 치킨공주,강원도 속초시
피자,피자나라 치킨공주,서울특별시 성북구
피자,피자나라 치킨공주,서울특별시 마포구
피자,피자나라 치킨공주,충청북도 청주시
피자,피자나라 치킨공주,대전시 유성구
피자,피자나라 치킨공주,대전시 유성구
피자,피자나라 치킨공주,경상북도 포항시
피자,피자나라 치킨공주,인천광역시 서구
피자,피자나라 치킨공주,경기도 광명시
피자,피자나라 치킨공주,서울특별시 관악구
피자,피자나라 치킨공주,서울특별시 중랑구
피자,피자나라 치킨공주,경기도 시흥시
피자,피자나라 치킨공주,경상북도 포항시
피자,피자나라 치킨공주,경상남도 창원시
피자,피자나라 치킨공주,서울특별시 노원구
피자,피자나라 치킨공주,강원 고성군
피자,피자나라 치킨공주,경기도 안양시
피자,피자나라 치킨공주,부산광역시 기장군
피자,피자나라 치킨공주,인천광역시 연수구
피자,피자나라 치킨공주,경상남도 김해시
피자,피자나라 치킨공주,경상남도 창원시
피자,피자나라 치킨공주,경기도 용인시
피자,피자나라 치킨공주,대구광역시 달서구
피자,피자나라 치킨공주,서울특별시 강서구
피자,피자나라 치킨공주,서울특별시 관악구
피자,피자나라 치킨공주,경상남도 김해시
피자,피자나라 치킨공주,경상남도 통영시
피자,피자나라 치킨공주,서울특별시 강동구
피자,피자나라 치킨공주,충청남도 서산시
피자,피자나라 치킨공주,경기도 용인시
피자,피자나라 치킨공주,인천광역시 서구
피자,피자나라 치킨공주,경상남도 김해시
피자,피자나라 치킨공주,경기도 양평군
피자,피자나라 치킨공주,경기도 이천시
피자,피자나라 치킨공주,부산광역시 남구
피자,피자나라 치킨공주,강원도 강릉시
피자,피자나라 치킨공주,강원 양구군
피자,피자나라 치킨공주,서울특별시 송파구
피자,피자나라 치킨공주,충청북도 제천시
피자,피자나라 치킨공주,인천광역시 동구
피자,피자나라 치킨공주,인천광역시 부평구
피자,피자나라 치킨공주,경기도 안양시
피자,피자나라 치킨공주,강원 고성군
피자,피자나라 치킨공주,경기도 안산시
피자,피자나라 치킨공주,경기도 안산시
피자,피자나라 치킨공주,경상남도 김해시
피자,피자나라 치킨공주,경기도 부천시
피자,피자나라 치킨공주,서울특별시 강북구
피자,피자나라 치킨공주,서울특별시 서초구
피자,피자나라 치킨공주,충청남도 논산시
피자,피자나라 치킨공주,인천광역시 부평구
피자,피자나라 치킨공주,광주광역시 남구
피자,피자나라 치킨공주,서울특별시 영등포구
피자,피자나라 치킨공주,인천광역시 서구
피자,피자나라 치킨공주,서울특별시 금천구
피자,피자나라 치킨공주,강원도 춘천시
피자,피자나라 치킨공주,충청북도 청주시
피자,피자나라 치킨공주,서울특별시 용산구
피자,피자나라 치킨공주,부산광역시 연제구
피자,피자나라 치킨공주,경기도 광주시
피자,피자나라 치킨공주,경기도 부천시
피자,피자나라 치킨공주,경상북도 구미시
피자,피자나라 치킨공주,울산광역시 중구
피자,피자나라 치킨공주,서울특별시 금천구
피자,피자나라 치킨공주,서울특별시 강서구
피자,피자나라 치킨공주,경기도 안산시
피자,피자나라 치킨공주,경기도 성남시
피자,피자나라 치킨공주,경기도 남양주시
피자,피자나라 치킨공주,부산광역시 남구
피자,피자나라 치킨공주,전라북도 전주시
피자,피자나라 치킨공주,서울특별시 구로구
피자,피자나라 치킨공주,서울특별시 영등포구
피자,피자나라 치킨공주,인천광역시 계양구
피자,피자나라 치킨공주,서울특별시 도봉구
피자,피자나라 치킨공주,부산광역시 금정구
피자,피자나라 치킨공주,경상북도 울진군
피자,피자나라 치킨공주,경상남도 김해시
피자,피자나라 치킨공주,전라남도 영광군
피자,피자나라 치킨공주,전라남도 목포시
피자,피자나라 치킨공주,광주광역시 북구
